"Asset","Best_Model","Best_MSE"
"AMZN","eGARCH",0.000295643049143724
"CAT","eGARCH",0.000185021838608895
"EURUSD","eGARCH",1.44124202890262e-05
"EURZAR","gjrGARCH",3.30976332205415e-05
"GBPCNY","eGARCH",1.70023725571988e-05
"GBPUSD","eGARCH",1.91467346390358e-05
"GBPZAR","gjrGARCH",3.81668035869653e-05
"MSFT","eGARCH",0.000142186314803845
"NVDA","eGARCH",0.000532208701614828
"PG","eGARCH",6.23445798532016e-05
"USDZAR","gjrGARCH",4.03362246238293e-05
"WMT","eGARCH",9.92283771986052e-05
