"Model","Avg_MSE","Avg_MAE","Avg_MAPE"
"eGARCH",0.000123412747932015,0.00757582133580604,Inf
"TGARCH",0.000129254073228715,0.00792452752565857,Inf
"sGARCH_norm",0.000136509094951445,0.00831124418714623,Inf
"sGARCH_sstd",0.000192222997066008,0.00964216504395589,Inf
"gjrGARCH",0.000236794982049518,0.0104086344208036,Inf
